Cliente	Documento	Email	Fone	Cidade	Bairro
					
Churrascaria Dom Gaucho Ltda - ME	06.194.145/0001-57	churrascariadomgaucho@yahoo.com.br	3433510488	Arcos	Vila Calcita
Sepco1 Construções do Brasil Ltda	14.139.738/0006-53	leonardo@sepco1.com	31996151864	Arcos	Retiro São Jose
Conselho Regional de Engenharia e Agrononia de Minas Gerais SG	17.254.509/0001-63	carina.rodrigues@crea-mg.org.br	3436713425	Belo Horizonte	Santo Agostinho
Construtora Apia LTDA	17.155.391/0001-16	bianca.furtado@grupoapia.com.br	00000000000	Belo Horizonte	Pilar
Construtora Remo Ltda	18.225.557/0001-96	jonas.diogo@remo.com.br	3195513721	Belo Horizonte	São Lucas
Selt Engenharia Ltda	19.187.475/0001-67	leandro.uchoa@selt.com.br	3197328066	Belo Horizonte	Estoril
Tectrans Transmissão de Energia Ltda RP	09.461.052/0001-30	nilsonpedro@tectrans.net.br	34992221076	Belo Horizonte	Funcionários
OliveiraVale Serviços em Telecomunicações Ltda.	15.659.848/0001-02	joselma@oliveiravale.com.br	35991411978	Cachoeira de Minas	Santa Barbara
Anderson Cesar Cyrino -ME/ GF	24.491.724/0001-43	cyrinotransportes@hotmail.com	3436713274	Campos Altos	Agrovila
Casa de Carnes JBM L.T.D.A GF	18.052.402/0001-03	teste@teste.com.br	3499550737	Campos Altos	Guarda dos Ferreiros
Cooperativa de Crédito da Microrregiao do Alto Paranaiba Ltda GF	03.645.752/0002-89	suporte@sicoobcredisg.com.br	3436161500	Campos Altos	Guarda dos Ferreiros
Creche Lar da Criança Divina Lucas da Silva	26.035.527/0001-45	teste@teste.com.br	34000000000	Campos Altos	Centro
Dezio Auto Peças GF	04.677.793/0001-39	lucas.braim@hotmail.com	3400000000	Campos Altos	Zona Rural
Drogarabello Ltda - ME GF	05.727.071/0001-04	farmaxsg@hotmail.com	3499812417	Campos Altos	Guarda dos Ferreiros
Drogaria Araújo e Rabello Ltda - ME GF	10.624.688/0001-34	drogariamartins2012@hotmail.com	3400000000	Campos Altos	Guarda dos Ferreiros
Eneias Ribeiro GF	17.844.528/0001-40	teste@teste.com.br	3499285886	Campos Altos	Distrito Industrial
Impacto Maquinas Agricolas LTDA GF	14.791.163/0001-44	impactomaquinas_wc@hotmail.com	3499069927	Campos Altos	Guarda dos Ferreiros
Industria e Com.de Madeira Tabua Mineira Ltda  SG	13.771.453/0001-63	madeira3m@hotmail.com	34000000000	Campos Altos	Guarda dos Ferreiros
Infotec (PERMUTA)	12.051.789/0001-99	teste@teste.com.br	34000000000	Campos Altos	Centro
Juliana Helena da Silva GF	19.196.173/0001-55	teste@teste.com.br	34999221901	Campos Altos	Guarda dos Ferreiros
Mitra Diocesana de Patos de Minas/Paroquia de Santa Cruz GF	17.832.866/0046-63	teste@teste.com.br	3499477212	Campos Altos	Guarda dos Ferreiros
Recanto da Estrada	11.627.062/0001-44	teste@teste.com.br	34000000000	Campos Altos	Centro
Rede HG Combustiveis LTDA	13.569.064/0038-41	postoestalagem@redehg.com.br	37988703561	Campos Altos	Cachoeirinha
Sociedade Clube Fazenda GF	01.459.992/0001-82	clube.eldorado@outlook.com	3499047239	Campos Altos	Centro
Souza e Franklin Eldorado LTDA GF	18.672.680/0001-55	teste@teste.com.br	3400000000	Campos Altos	Guarda dos Ferreiros
Associação Amigos do Meio Ambiente Carmo Paranaiba	10.710.836/0001-33	ongguaracp@outlook.com	34999610163	Carmo do Paranaíba	JK
Boutique Bem Dita Ltda Me	07.708.505/0001-54	bemditaboutique@hotmail.com	3438514625	Carmo do Paranaíba	Centro
Caixa Escolar Leoncio Ferreira de Melo	19.923.184/0001-90	escola.305341@educacao.mg.gov.br	3491252722	Carmo do Paranaíba	JK
Caixa Escolar Leoncio Ferreira de Melo	19.923.184/0001-90	escola.305341@educacao.mg.gov.br	3438512148	Carmo do Paranaíba	Centro
Caixa Escolar Sizenando Amaral	22.231.435/0001-80	escola.118541@educacao.mg.gov.br	3438511555	Carmo do Paranaíba	Lagoinha
Caixa Escolar São Geraldo	19.923.564/0001-24	escola.118494@educacao.mg.gov.br	3499792274	Carmo do Paranaíba	JK
Caixa Escolar São Geraldo CP (Fim de contrato)	19.923.564/0001-24	escola.118494@educacao.mg.gov.br	34999772274	Carmo do Paranaíba	Centro
Caixa Escolar do Bairro Niteroi	19.923.549/0001-86	escola.118443@educacao.mg.gov.br	3438510899	Carmo do Paranaíba	JK
Caixa Escolar do Bairro Niteroi	19.923.549/0001-86	escola.118443@educacao.mg.gov.br	34000000000	Carmo do Paranaíba	JK
Carmo Farma Ltda	17.830.712/0001-30	farmaciatriangulo@hotmail.com	3438510888	Carmo do Paranaíba	Centro
Casa de Repouso Nossa Sra da Guia	04.957.280/0001-81	geraldocamargos@hotmail.com	3438510865	Carmo do Paranaíba	Alvorada
Catedral das Assembleias de Deus em Carmo do Paranaiba	17.831.124/0001-11	joserobertodedeus@hotmail.com	34999916307	Carmo do Paranaíba	Village Veth
Centro Comunitário Santa Cruz - Cantinho da Sagrada Face de Jesus	02.221.819/0001-04	pnscarmomg@gmail.com	34999613369	Carmo do Paranaíba	Santa Cruz
Cetel Energy Ltda Epp	86.666.682/0001-91	financeiro@cetelenergy.com.br	3438512223	Carmo do Paranaíba	JK
Conselho Comunitário de Segurança Preventiva de Carmo do Paranaíba CP	05.828.639/0001-83	conteustaquio@hotmail.com	3438511491	Carmo do Paranaíba	Centro
Cooperativa Agropecuária de Carmo do Paranaíba Ltda	19.445.733/0001-68	nelson@carpec.com.br	3438517210	Carmo do Paranaíba	JK
Cooperativa dos Cafeicultores do Cerrado da Região de Carmo do Paranaiba Ltda	04.773.010/0001-10	contato@carmocer.com.br	3438513206	Carmo do Paranaíba	Paraíso
Funeraria Guimaraes Ltda	04.444.062/0001-43	adecborges@hotmail.com	34996981059	Carmo do Paranaíba	Novo Paraíso
Igreja Presbiteriana Nova Vida CP (cancelou)	08.242.947/0001-10	niltonsouza12@hotmail.com	34996993043	Carmo do Paranaíba	Paranaíba
Instituto de Previdencia Servidores Municipais C. do Paranaiba	08.048.170/0001-58	ipsem@ipsem.mg.gov.br	34999974488	Carmo do Paranaíba	Centro
Mauro e Ana Drogaria Ltda Me CP	17.578.909/0001-24	americanacp@yahoo.com.br	3438518600	Carmo do Paranaíba	JB
Petrocarmo Ltda	18.160.622/0001-42	contato@postopetrocarmo.com.br	3438517373	Carmo do Paranaíba	Amazonas
Ponte de Terra Tenis Clube	19.447.200/0001-15	pontedeterra@hotmail.com	3438512116	Carmo do Paranaíba	Lagoinha
Posto Recreio Ltda	19.051.135/0001-04	postorecreio@postorecreio.com.br	34999618684	Carmo do Paranaíba	Zona Rural
Racoes Vovo Teobalda Ltda	09.589.942/0001-21	racoesteobalda@hotmail.com	3438510755	Carmo do Paranaíba	Morro Grande
Radio Integração de Carmo do Paranaiba Ltda-ME	20.258.372/0001-20	joserobertodedeus@hotmail.com	34999916307	Carmo do Paranaíba	Centro
Regional Rental e Armazens Gerais Eireli - ME	26.237.459/0001-05	financeiroloc@regionalparafusos.com.br	3438512117	Carmo do Paranaíba	Amazonas
Sim Soluc. Inte. em Marketing Eireli Me	07.583.914/0001-71	pettersonc@hotmail.com	3438515007	Carmo do Paranaíba	Paranaíba
Sindicato dos Produtores Rurais de Carmo do Paranaiba	17.830.126/0001-96	Sem EMAIL	34038512320	Carmo do Paranaíba	Lagoinha
Sindicato dos Produtores Rurais de Carmo do Paranaíba	17.830.126/0001-96	sind.rural@yahoo.com.br	3438512320	Carmo do Paranaíba	Lagoinha
Supermercado BH Comer. de Alimentos Ltda	04.641.376/0201-61	hudson@supermercadosbh.com.br	31992227808	Carmo do Paranaíba	JK
Tornotec Ltda CP -	20.725.750/0001-38	tornocecltda@hotmail.com	3438512137	Carmo do Paranaíba	JK
Triunfo Mireracao do Brasil Ltda	09.018.272/0002-74	mmadalena@kpfertil.net.br	3438512210	Carmo do Paranaíba	Zona Rural
Firelink Telecomunicações	12.868.281/0001-88	teste@teste.com.br	00000000000	Caruaru	Polo Caruaru
Ceitel Metais Ltda - ME	23.872.521/0001-34	Sem EMAIL	3125240777	Contagem	Vila Paris
Superintendência de Polícia Rodoviária Federal em Minas Gerais (cancelou)	00.394.494/0110-90	nutel.mg@prf.gov.br	3130645351	Contagem	Cidade Industrial
Tecidos e Armarinhos Miguel Bartolomeu S.A.	17.359.233/0001-88	Sem EMAIL	3133590000	Contagem	Tapera
Multilaser Industrial S. A.	59.717.553/0006-17	Sem EMAIL	3534357500	Extrema	Dos Pires
Magazine Luiza S/A	47.960.950/0001-21	faturastelecom@magazineluiza.com.br	1637137937	Franca	Centro
Associação dos Pequenos Prod. Rurais P.A Morro Alto I,II,III	02.874.302/0001-14	cooperativaibiabiocoop@gmail.com	3499515444	Ibiá	Centro
Café Agrícola Ltda	12.498.527/0001-77	cafeagricola@hotmail.com	3436714293	Ibiá	Zona Rural
Escola Municipal Santa Barbara	07.504.456/0001-38	teste@teste.com.br	3499216563	Ibiá	Centro
Nova Banda Larga Telecomunicação Ltda.	26.410.925/0001-02	novatelecomibia@gmail.com	3436311981	Ibiá	Santa Cruz
OIW INDUSTRIA ELETRONICA S.A	07.212.549/0002-70	Sem EMAIL	00000000000	Ilhéus	Iguape
MPT FIOS E CABOS ESPECIAIS S.A.	74.531.997/0001-42	Sem EMAIL	1939369383	Indaiatuba	Distrito Industrial Domingos Giomi
Gmaes Tecnologia Ltda Me	10.586.483/0001-01	financeiro@grupogmaes.com	4732685344	Itajaí	Centro
Cablena do Brasil LTDA.	10.822.045/0001-03	Sem EMAIL	1121759272	Itupeva	São Roque das Chaves
Geosedna Perfurações Especiais S/A SS	01.704.488/0001-09	geosedna@geosedna.com.br	3136819433	Lagoa Santa	Distrito Industrial
Associação de Pais e Amigos dos Excepcionais (APAE) MT	02.498.895/0001-61	antonelly_silvas@hotmail.com	3400000000	Matutina	Centro
Associação de Pais e Amigos dos Excepcionais (APAE) MT	02.498.895/0001-61	antonelly_silvas@hotmail.com	3436741120	Matutina	Centro
Auto Posto Estrela Matutina	03.814.946/0001-80	teste@teste.com.br	34000000000	Matutina	Centro
C E N Materiais de Construção	06.748.914/0001-11	construnevesmv@hotmail.com	3436741175	Matutina	Centro
C E N Materiais de Construção MT	06.748.914/0001-11	construnevemv@hotmail.com	3436741175	Matutina	Centro
Caixa Escolar Vera Cruz	19.464.114/0001-10	escola.118737@educacao.mg.gov.br	3436741356	Matutina	Centro
Caixa Escolar Vera Cruz	19.464.114/0001-10	escola.118737@educacao.mg.gov.br	3400000000	Matutina	Centro
Camara Municipal de Matutina	26.035.600/0001-89	camaramatutina@gmail.com	3436741350	Matutina	Centro
Camara Municipal de Matutina MT	26.035.600/0001-89	daiane@mttecnologia.com.br	3400000000	Matutina	Centro
Casa Tania Ltda Me	18.508.499/0001-08	casa.tania@hotmail.com	3436741150	Matutina	Centro
Casa Tania Ltda Me MT	18.508.499/0001-08	casa.tania@hotmail.com	3400000000	Matutina	Centro
Center Hotel MT	07.160.944/0001-75	antonelly_silvas@hotmail.com	3436741883	Matutina	Centro
Center Hotel MT	07.160.944/0001-75	antonelly_silvas@hotmail.com	3400000000	Matutina	Centro
Cooperativa de Crédito de Livre Admissão da Região de Tiros e Matutina Ltda	42.880.617/0002-70	stella.azevedo@sicoobcreditiros.com.br	3438531155	Matutina	Centro
Drogaria Biopharma Rede Entrefarma MT	19.583.900/0001-37	teste@teste.com.br	3400000000	Matutina	Centro
Drogaria Santos e Rodrigues	42.836.361/0001-12	drogariasantoserodrigues@hotmail.com	34367417170	Matutina	Centro
Drogaria Santos e Rodrigues MT	42.836.361/0001-12	adm.mtinformatica@gmail.com	00000000000	Matutina	Centro
Eugenio Cesar de Oliveira  MT	23.911.662/0001-19	teste@teste.com.br	3400000000	Matutina	Centro
FVS MINERACAO LTDA	08.282.454/0002-95	Sem EMAIL	38997339630	Matutina	Madre Paulina
Instituto de Medicina e Diagnostico Mauricio Rios LTDA ME	08.214.479/0018-19	financeiro@labcarloschagas.com.br	34988481763	Matutina	Centro
Instituto de Medicina e Diagnostico Mauricio Rios LTDA ME MT	08.214.479/0018-19	financeiro@labcarloschagas.com.br	34988481763	Matutina	Centro
JF Auto Peças MT	10.643.350/0001-20	jfautopecasmatutina@hotmail.com	3436741985	Matutina	Centro
JF Auto Peças.MT	10.643.350/0001-20	antonelly_silvas@hotmail.com	3400000000	Matutina	Centro
Jaime Lopes - Mercearia Leticia	65.127.300/0001-81	jaimelopesme@hotmail.com	3436741333	Matutina	Centro
Jaime Lopes - Mercearia Leticia  MT	65.127.300/0001-81	teste@teste.com.br	3400000000	Matutina	Centro
Laticinios Abaete LTDA AB	00.554.750/0001-05	abaete.ltda@hotmail.com	3488602060	Matutina	Abaeté de Baixo
Laticinios Nutrileite Ind. e Com. LTDA MT	71.182.430/0001-10	laticiniosnutrileite@yahoo.com.br	3436741155	Matutina	Centro
Londe E Silva Empreendimentos LTDA	05.545.719/0001-21	joseclonde@ig.com.br	3436741180	Matutina	Centro
Londe E Silva Empreendimentos LTDA MT	05.545.719/0001-21	joseclonde@ig.com.br	3436741180	Matutina	Centro
MDPM-Paróquia Nossa Senhora da Abadia	17.832.866/0009-19	adm.mtinformatica@gmail.com	3436741271	Matutina	Centro
MDPN-Paroquia Nossa Senhora Da Abadia	17.832.866/0009-19	paroquia.abadiamatutina@outlook.com	3436741271	Matutina	Centro
Martins Industria e Comercio	64.348.840/0001-22	martinsindcomercio@gmail.com	3436741530	Matutina	Centro
Martins Industria e Comercio MT	64.348.840/0001-22	teste@teste.com.br	3400000000	Matutina	Centro
Matutina Comercio de Produtos Ag Ltda	08.060.812/0001-34	antonelly_silvas@hotmail.com	34000000000	Matutina	Centro
Mercado Oliveira	24.042.971/0001-62	teste@teste.com.br	3488062019	Matutina	Centro
Mercado Oliveira MT	24.042.971/0001-62	teste@teste.com.br	3488062019	Matutina	Centro
Mercado Ribeiro	20.001.625/0001-85	daniel.mtinformatica@gmail.com	3488079742	Matutina	Centro
Mercado Ribeiro MT	20.001.625/0001-85	teste@teste.com.br	3488079742	Matutina	Centro
Mini Mercado Ponto Forte Limitada ME	13.134.585/0001-84	minimercado.forte@hotmail.com	3436741424	Matutina	Centro
Mini Mercado Ponto Forte Limitada ME MT	13.134.585/0001-84	teste@teste.com.br	3400000000	Matutina	Centro
Papelaria Matutina LTDA	06.310.390/0001-82	teste@teste.com.br	34000000000	Matutina	Centro
Posto Estrela Matutina(auto posto rodrigues e cunha ltda)MT	03.814.946/0001-80	antonelly_silvas@hotmail.com	3488830418	Matutina	Centro
Prefeitura Municipal De Matutina MT	18.602.102/0001-42	orivansandro@hotmail.com	3436741220	Matutina	Centro
Prefeitura Municipal De Matutina MT	18.602.102/0001-42	orivansandro@hotmail.com	3400000000	Matutina	Centro
Prefeitura Municipal de Matutina	18.602.102/0001-42	orivansandro@hotmail.com	3436741220	Matutina	Centro
Prefeitura Municipal de Matutina -Setor Saude	18.602.102/0001-42	teste@teste.com.br	34000000000	Matutina	Centro
Rações Matutina Ltda MT	07.615.477/0001-20	matutinaracoes@hotmail.com	3436741477	Matutina	Centro
Rações Matutina Ltda MT	07.615.477/0001-20	matutinaracoes@hotmail.com	3400000000	Matutina	Centro
SG LAC Industria de Laticinios LTDA	28.089.240/0001-23	sglaclaticinios@hotmail.com	34998308159	Matutina	Centro
Sicoob Creditiros MT	42.880.617/0002-70	teste@teste.com.br	3436741531	Matutina	Centro
Sindicato Rural	19.050.129/0001-32	antonelly_silvas@hotmail.com	3436741313	Matutina	Centro
Sindicato Rural.MT	19.050.129/0001-32	antonelly_silvas@hotmail.com	3400000000	Matutina	Centro
Stock Car Centro Automotivo Ltda-ME  MT	18.782.467/0001-04	teste@teste.com.br	3436741731	Matutina	Centro
Top Invest Mineração - Eirelli EPP (Regis Padua de Assis)	13.770.614/0001-02	regisrpa7@gmail.com	34998316722	Matutina	Centro
Top Invest Mineração - Eirelli EPP (Regis Padua de Assis)	13.770.614/0001-02	boletojbs@gmail.com	34998316722	Matutina	Abaeté de Baixo
Verde Fertilizantes.MT	08.000.607/0001-83	edson.santos@verdefertilizantes.com.br	3436741691	Matutina	Centro
Pavidez Engenharia Ltda.	01.744.153/0001-06	gilmar@pavidez.com.br	35999379394	Muzambinho	Jardim Altamira
N.S. Serviços Eireli ME	26.208.185/0001-18	boletozema@gmail.com	35998326988	Passos	Canjeranus
N.S. Serviços Eireli ME	26.208.185/0001-18	financeiro@ns.net.br	3535313131	Passos	Canjeranus
Teranet Comunicação Multimidia Ltda SG	10.286.807/0001-96	suporte@teranettelecom.com.br	3400000000	Patos de Minas	Centro
Agropecuária Alimentar Ltda	04.737.717/0001-71	layza@okuyama.com.br	3436716546	Rio Paranaíba	Zona Rural
Andre Honorio dos Reis RP ( Empresa )	15.556.820/0001-31	ahr21112@gmail.com	34992177966	Rio Paranaíba	Centro
André Aparecido  Alves - ME	08.722.077/0001-87	financeiro@lojasuni.com.br	34999363712	Rio Paranaíba	Novo Rio
Beneficiadora Hortiland Ltda GF	11.566.394/0001-66	teste@teste.com.br	3436716546	Rio Paranaíba	Zona Rural
Camara Municipal de Rio Paranaiba RP	23.089.642/0001-04	setordecomprascmrp@gmail.com	3438558274	Rio Paranaíba	Centro
Cléscio Galvão Advocacia Sociedade de Advogados	21.144.120/0001-32	clesciogalvao@clesciogalvao.adv.br	3499791369	Rio Paranaíba	Centro
DLJW Armazens Gerais LTDA RP	29.773.730/0001-07	agricafe@hotmail.com	34988118173	Rio Paranaíba	Jardim das Flores
Domus Alojamentos ltda RP	15.514.282/0001-12	keile@domusalojamentos.com.br	34998398428	Rio Paranaíba	Novo Rio
EBC Ltda(Laticinio Rezende)	12.226.811/0001-94	brennolr@yahoo.com.br	3496610051	Rio Paranaíba	Zona Rural
Elisaudio Resende - ME RP	03.392.611/0001-10	brennolr@yahoo.com.br	34996610051	Rio Paranaíba	Zona Rural
Forte Concretos e Argamassas Ltda	13.562.777/0001-91	tatianapinheiro4@hotmail.com	3491431161	Rio Paranaíba	Guarda dos Ferreiros
Fundação José Resende Vargas de Rádio RP	20.726.071/0001-83	contato@paranaibamaximus.com.br	3438559100	Rio Paranaíba	Centro
G8 Agricola	04.949.198/0001-05	g8agricola@hotmail.com	3499224573	Rio Paranaíba	Zona Rural
Hotel e Pousada Brasileiro LTDA RP	18.771.719/0001-91	pousadabrasileiro@hotmail.com	34988072747	Rio Paranaíba	Zona Rural
Hotel e Pousada Brasileiro Ltda	18.771.719/0001-91	pousadabrasileiro@hotmail.com	3488379613	Rio Paranaíba	Zona Rural
Isaias de Souza Santos RP ( empresa )	29.368.223/0001-98	progeorp@gmail.com	34999619963	Rio Paranaíba	Centro
Laticinios Abaete LTDA	00.554.750/0001-05	abaete.ltda@hotmail.com	3488602060	Rio Paranaíba	Distrito de Abaeté de Baixo
Lucimar Eliane de Carvalho Sociedade individual de advocacia RP	27.549.352/0001-57	l.lucimaradvocaciaprevidenciaria@yahoo.com.br	34999714911	Rio Paranaíba	Centro
MRC Locação de Veiculos Eireli ME	27.094.175/0001-61	comercialpaizao@gmail.com	34998258065	Rio Paranaíba	Zona Rural
Madeireira Nativa RP	03.215.360/0001-07	madeireiranativa01@hotmail.com	34999784706	Rio Paranaíba	Centro
Marlene Gomes Dias Ribeiro ME RP	15.285.883/0001-09	moises.niquini@gmail.com	3499044097	Rio Paranaíba	Centro
Mauricio Luiz Rocha RP	22.044.794/0001-28	teste@teste.com	3498939098	Rio Paranaíba	Comunidade de Santa Luiza
Morena Mel Modas RP	19.742.871/0001-09	rogerimelo@hotmail.com	3488574759	Rio Paranaíba	Centro
Morena Mell Modas RP	19.742.871/0001-09	rogerimelo@hotmail.com	3488574759	Rio Paranaíba	Centro
Placas Alto Paranaiba LTDA RP	11.064.905/0002-22	Pplacap@hotmail.com	34999299999	Rio Paranaíba	Centro
Prefeitura Municipal de Rio Paranaiba RP	18.602.045/0001-00	controleinternorp@outlook.com	3438551224	Rio Paranaíba	Novo Rio
Registro de Titulos e Documentos Registro Civil das Pessoas Juridicas RP	14.782.448/0001-19	cartoriotdpjriopar@yahoo.com.br	3438552018	Rio Paranaíba	Centro
Rio Paranaíba Cartório Registro Imóveis RP	20.725.982/0001-96	imoveis.rioparanaiba@yahoo.com.br	34900000000	Rio Paranaíba	Universitário
Rodrigo Resende de Babos ME RP	22.169.760/0001-60	rodrigoresende.rpa@gmail.com	3493011915	Rio Paranaíba	Novo Rio
Supermercado São Francisco Ltda RP	11.188.740/0001-10	financeiro01@supersaofrancisco.com.br	3438558384	Rio Paranaíba	Novo Rio
Systemcomp Informatica e Telecomunicação Eireli RP	32.583.069/0001-81	systemc.nty@gmail.com	34999611651	Rio Paranaíba	Jardim Primavera
Top Frios Alimentos e Embalagens Eireli RP	32.253.488/0001-55	cidaelisaudio@gmail.com	34987007597	Rio Paranaíba	Novo Rio
Transagro SA	19.767.631/0001-69	teste@teste.com.br	34000000000	Rio Paranaíba	Zona Rural
Yukawa e Yukawa Comercio e Representaçao de Insumos Agropecuarios Ltda	10.584.945/0001-51	yukawa_bacsol@hotmail.com	34999218723	Rio Paranaíba	Zona Rural
São Gotardo Transmissora de Energia S/A	15.867.360/0001-62	teste@teste.com.br	34000000000	Rio de Janeiro	Centro
Think Technology Ind e Com de Produtos de Telecomunicações	03.916.592/0001-84	Sem EMAIL	3534730762	Santa Rita do Sapucaí	Jardim das Palmeiras
Alcimar Vieira da Silva SS	07.773.934/0001-05	teste@teste.com	34999048001	Serra do Salitre	Flores
Auto Posto Central SS	05.971.755/0001-57	thiagocastrovieira@hotmail.com	3438331242	Serra do Salitre	Centro
Castelato Pedras e Revestimentos SS	32.390.238/0001-67	castelatopedras@gmail.com	34999037220	Serra do Salitre	Santo Antônio
Castelo Night Pub (serasa)	18.504.976/0001-67	daviassisconrrado@gmail.com	34984066025	Serra do Salitre	Centro
Comercial Serra Materiais Para Contrução Ltda SS	09.270.876/0001-22	constru.serra.salitre@gmail.com	3438331425	Serra do Salitre	Nações
Construtora Regional Eireli ME SS	07.269.971/0001-80	construtoraregionalltda@outlook.com	34998366763	Serra do Salitre	Flores
Eletrica PHV Ltda SS	23.368.014/0001-68	eletricaphv@hotmail.com	34999142030	Serra do Salitre	Centro
FD Telecom Ltda ME SS	03.082.314/0001-79	andrea@fdtelecom.com.br	19992016621	Serra do Salitre	Centro
Franciele de Paula Martins ME SS	29.090.815/0001-90	mmalojamentos@hotmail.com	34999855332	Serra do Salitre	Nações
Funeraria Patense SS	15.806.439/0001-83	teste@teste.com	3438331175	Serra do Salitre	Centro
Goldnet Permutas	10.822.045/0001-03	sgtelefonia@gmail.com	3436712878	Serra do Salitre	Centro
Hotel Ouro da Serra Ltda SS	33.602.082/0001-01	gmsupermercado@yahoo.com.br	34999831254	Serra do Salitre	Santo Antônio
JL Celulares  Ltda - Me SS	14.094.630/0001-87	solucaoptc3@yahoo.com.br	34999287878	Serra do Salitre	Centro
Nativa Agronegocios e Representações LTDA SS	03.856.216/0010-32	amanda.castro@nativagro.com.br	34998059587	Serra do Salitre	Parque Santo Antônio
Sudeste Corretora de Seguros Ltda SS	26.260.216/0001-80	caio@sudesteseguros.com.br	34987196233	Serra do Salitre	Centro
Super J LTDA - ME SS	41.823.105/0001-28	supermercadosuperj@gmail.com	34383311445	Serra do Salitre	Flores
Viação Cidade Paraíso Ltda EPP SS	01.678.426/0003-23	informatica@grupophd.com	61981415771	Serra do Salitre	Flores
3A Transportes Ltda - ME	22.489.519/0001-18	transportesaleixo@outlook.com	34999210860	São Gotardo	Jardim das Flores
ARLS Deus, Caminho da Sabedoria Nº195	01.509.626/0001-90	pauloalvesmoreira@hotmail.com	34988221659	São Gotardo	Mansões do Lago
AUQMIA Veterinária LTDA	09.645.620/0001-52	isabella.rabello28@gmail.com	34988219603	São Gotardo	Centro
Academia Alan Panda de Jiu-Jitsu e Defesa Pessoal	19.256.579/0001-86	alanbuhler35@yahoo.com	34988279904	São Gotardo	Nossa Senhora de Fátima
Academia Katia Zanetti	06.038.757/0001-50	tanialui@hotmail.com	3436712139	São Gotardo	Centro
Agemiro Alves Abrantes Filho ME	29.672.071/0001-12	jhonathansnts@hotmail.com	34998221225	São Gotardo	Jardim das Flores
Agrobeke	12.266.939/0001-81	agrobeke@hotmail.com	00000000000	São Gotardo	Guarda dos Ferreiros
Agrobeke	12.266.939/0001-81	agrobeke@hotmail.com	34999587575	São Gotardo	Nossa Senhora da Aparecida
Agrocerrado Produtos Agrícolas e Assistência Técnica LTDA	71.353.015/0013-15	agrocerradosg@agrocerrado.com.br	3436712474	São Gotardo	Zona Rural
Agropecuaria São Gotardo LTDA SG	18.460.956/0001-31	agropesg@agropesg.com.br	3436711704	São Gotardo	Centro
Agropecuária Funchal LTDA SG	19.589.229/0015-37	nfe@grupofunchal.com.br	3436161150	São Gotardo	Zona Rural
Agrosoma Comercio de Defensivo e Sementes Ltda	24.090.740/0001-24	agrosomasg@gmail.com	34999069286	São Gotardo	Guarda dos Ferreiros
Agrosoma Comercio de Defensivo e Sementes Ltda. GF	24.090.740/0001-24	agrosomasg@gmail.com	34999069286	São Gotardo	Zona Rural
Aline Gizele da Silva SG	24.923.717/0001-73	joaopedro2016734@gmail.com	34988552163	São Gotardo	Nossa Senhora de Fátima
Alinha Patos LTDA SG	02.174.377/0001-92	alinhautosg@hotmail.com	34991943039	São Gotardo	Santa Terezinha
Almeida Goularte Sociedade de Advogados	23.655.726/0001-68	felipe@almeidagoularte.com.br	34992334356	São Gotardo	Centro
Anderson Cesar Cyrino - ME	24.491.724/0001-43	marciasonomura@hotmail.com	34999848844	São Gotardo	Santa Terezinha
Anderson Cesar Cyrino - ME (NÃO DESBLOQUEAR, BOLETOS SG E GF)	24.491.724/0001-43	cyrinotransportes@hotmail.com	34999848844	São Gotardo	Agrovila
Andrea Oliveira Sociedade Individual de Advocacia	19.010.166/0001-17	andrea@andreaoliveira.adv.br	3438311415	São Gotardo	São Vicente
André Honorio dos Reis ME	15.556.820/0001-31	hr21112@gmail.com	34992177966	São Gotardo	Centro
Anselmo Barbosa de Paula ME	13.268.407/0001-46	pousadapordosol_sg@hotmail.com	34999890582	São Gotardo	Tancredo Neves
Apetrecho Enxovais e Decoração LTDA.	18.968.151/0001-01	apetrechoenxovais@yahoo.com.br	34999404433	São Gotardo	Centro
Araújo e Guimarães Ltda.	18.208.084/0001-19	fixglass.vidros@outlook.com	34991211253	São Gotardo	Santa Terezinha
Arlindo Auto Peças Ltda - EPP	20.044.459/0001-02	arlindoautopecas2011@hotmail.com	3436711699	São Gotardo	São Vicente
Associação de Apoio aos Produtores Rurais da Região de São Gotardo SG	20.750.725/0001-04	assogotardo@gmail.com	34999841393	São Gotardo	Nossa Senhora de Fátima
Associação de Ação Humanitária de São Gotardo	23.443.908/0001-75	lotus.molinaricosta@gmail.com	34999581066	São Gotardo	Tancredo Neves
Associação de Moradores de Guarda dos Ferreiros	20.750.782/0001-93	asmog_diretoria@hotmail.com	34999044868	São Gotardo	Guarda dos Ferreiros
Associação de Pais e Amigos dos Excepcionais APAE SG	20.045.597/0001-06	apaesaogotardo@gmail.com	3436711082	São Gotardo	São Vicente
Auto Eletrica Pacheco Ltda.	10.416.663/0001-45	autoeletricapacheco@hotmail.com	34999062152	São Gotardo	Zona Rural
Auto Eletrica Paranaiba LTDA - SG	21.306.790/0002-99	aeparanaiba@hotmail.com	34988157020	São Gotardo	Guarda dos Ferreiros
Auto Escola Nossa Senhora de Fátima SG	07.297.622/0001-72	autoescola_nsa.sra.fatima@hotmail.com	3436712463	São Gotardo	Nossa Senhora de Fátima
Auto Peças Padap Ltda- ME - SG	19.823.971/0001-60	autopecas.padap@hotmail.com	3499307879	São Gotardo	Zona Rural
Auto Peças Silva	24.687.295/0003-46	matriz@autopecassilva.com.br	3436716299	São Gotardo	Guarda dos Ferreiros
Auto Peças Silva	24.687.295/0001-84	matriz@autopecassilva.com.br	3436711321	São Gotardo	Jardim das Flores
Auto Pinturas Lino LTDA SG	18.508.770/0001-05	chinessg@hotmail.com	3499517001	São Gotardo	Santa Terezinha
Autus Comercial Distribuidora Ltda SG	00.982.872/0008-79	sayonara.oliveira@autus.com.br	3432308009	São Gotardo	Santa Terezinha
Beneficiadora de Batatas SG Ltda	06.256.925/0001-84	serginhobsg@hotmail.com	3436716144	São Gotardo	Centro
Bomtempo Tintas Ltda	13.806.094/0001-32	planaltotintasfilial@hotmail.com	3436711974	São Gotardo	Sol Nascente
Bora Serviços e Transportes LTDA - ME	14.355.450/0001-01	bora_ltda@hotmail.com	34998323207	São Gotardo	Guarda dos Ferreiros
Borracharia 03 Irmãos	28.693.573/0001-67	danieloliveira.sgg@gmail.com	34998063471	São Gotardo	Guarda dos Ferreiros
Borracharia São Geraldo	08.106.219/0001-81	marcia.sg.68@hotmail.com	34988266200	São Gotardo	Nossa Senhora de Fátima
Bosco e Pereira Serviços Ltda	11.196.354/0001-70	tramaqsg@hotmail.com	3436713159	São Gotardo	Zona Rural
CAD Central Atacadista de Distribuição Ltda	17.125.338/0001-72	zealvesborges@gmail.com	3436716450	São Gotardo	Zona Rural
COMAQ Prestação de Serviços de Terra Planagem LTDA	09.489.955/0001-29	comaqterraplenagem@yahoo.com.br	34991999992	São Gotardo	São Geraldo
CVO Engenharia e Construção LTDA - ME	22.771.599/0001-08	cvoengenharia@gmail.com	34998299310	São Gotardo	Nossa Senhora de Fátima
Café São Gotardo Ltda	10.556.925/0001-77	contasapagar@cafesaogotardo.com.br	3436716385	São Gotardo	Zona Rural
Caixa Escolar Coronel Fonte Boa	06.308.529/0001-53	escola.318531@educacao.mg.gov.br	3436711594	São Gotardo	Centro
Caixa Escolar Doutor Jaques Luciano Pereira	19.923.101/0001-62	escola.119628@educacao.mg.gov.br	34999061601	São Gotardo	Guarda dos Ferreiros
Caixa Escolar Juquinha Carneiro SG	20.058.392/0001-57	escola.119598@educacao.mg.gov.br	3436712343	São Gotardo	Campestre
Caixa Escolar Padre Sinfronio Bahia AV	20.055.208/0001-15	escola.119571@educacao.mg.gov.br	3436719131	São Gotardo	Abaeté dos Venâncios
Caixa Escolar Pedro Ferreira da Costa SG	19.464.296/0001-20	dorafer41@gmail.com	3436711419	São Gotardo	Alto Bela Vista
Camara Municipal de São Gotardo MG	20.750.865/0001-82	gizele.camarasg@gmail.com	3436711718	São Gotardo	Centro
Camila Leonora de Oliveira GF	33.472.633/0001-51	cantimmineirogf@hotmail.com	3436711865	São Gotardo	Guarda dos Ferreiros
Carlos Andre Pereira Gomes 04231633614	29.168.273/0001-21	carlos061077@gmail.com	34999528232	São Gotardo	Alto Bela Vista
Carlos Eduardo Borges Pereira	24.965.319/0001-10	borgesjv3151@hotmail.com	34984034481	São Gotardo	Centro
Carlos Fernando Garcia ME SG	10.734.977/0001-96	teste@teste.com.br	3488587089	São Gotardo	Santa Terezinha
Cartorio 2° Oficio de notas SG	20.045.183/0001-79	teste@teste.com.br	34000000000	São Gotardo	Centro
Cartorio de Paz e Notas	20.045.266/0001-68	cartoriodonoe@gmail.com	3436716161	São Gotardo	Guarda dos Ferreiros
Cartão Saúde New Life Ltda	32.844.843/0002-41	josecarlosjunior40@hotmail.com	64981388787	São Gotardo	Centro
Cartório de Paz e Notas	20.045.266/0001-68	cartoriodonoe@gmail.com	3436716161	São Gotardo	Guarda dos Ferreiros
Castelhone e Silva Ltda	02.019.544/0001-20	psilva@realtec.com.br	3436712394	São Gotardo	Nossa Senhora de Fátima
Celso Roberto de Almeida Junior SG	11.986.790/0001-42	teste@teste.com.br	3400000000	São Gotardo	Centro
Celtre Comercial Eletrica Trevo LTDA	03.664.918/0001-23	celtreeletrica@yahoo.com.br	3436712488	São Gotardo	São Vicente
Centro de Ensino Superior de São Gotardo SG	03.745.000/0001-09	financeirocesg2018@outlook.com	3436717020	São Gotardo	Boa Esperança
Centro de Formação de Condutores Colibri Eireli	03.753.807/0001-93	supermercadocampestreltda_sg@hotmail.com	38988679432	São Gotardo	Vila Luciana
Centro de Formação de Condutores de São Gotardo	03.719.917/0002-10	alineautoescolasg@gmail.com	34999569533	São Gotardo	Guarda dos Ferreiros
Ceres Beneficiadora Ltda	10.721.957/0001-80	carlos.duarte1975@bol.com.br	34991670123	São Gotardo	Centro
Cerrado Transporte LTDA. SG	13.338.815/0001-27	cerradotransportes@hotmail.com	3499329099	São Gotardo	Centro
Cerragri Ltda	04.196.998/0001-00	claudilena@cerragri.com.br	3436716276	São Gotardo	Centro
Claudia Abadia Martins de Avila -ME	28.689.337/0001-77	teste@teste.com	34988941921	São Gotardo	Jardim Ana Paula
Claudiene Lopes da Silva ME	22.507.379/0001-63	impactomaquinas_wc@hotmail.com	34999069927	São Gotardo	Sol Nascente
Clima Ar Serviços de Climatização LTDA	24.866.026/0001-85	admsg@climatizaar.com.br	34999544543	São Gotardo	Centro
Clube Campestre de São Gotardo SG	24.687.733/0001-04	contato@clubesg.com.br	3488323388	São Gotardo	Campestre
Clínica Guimarães e Sousa	09.407.864/0001-05	clinicadetran345@gmail.com	3436715838	São Gotardo	Centro
Colegio Equipe SG	29.878.357/0001-59	ceciliagamaequipatos@hotmail.com	34988497036	São Gotardo	Centro
Colégio SG de Ensino Fundamental Ltda.	06.980.292/0001-52	silvanasgdimensao@hotmail.com	3436711084	São Gotardo	Centro
Comercial Lopes e Correia LTDA	05.561.993/0001-94	comerciallopesecorreia@yahoo.com.br	34988660010	São Gotardo	Nossa Senhora de Fátima
Companhia do Churrasco Eireli	29.138.630/0001-09	fernandociadochurrasco1@gmail.com	3436710267	São Gotardo	Nossa Senhora Aparecida
Conceição Jacqueline Xavier SG (SPC/SERASA)	18.985.961/0001-68	cjacqxavier@gmail.com	3492577325	São Gotardo	Centro
Concreara Concretos e Argamassas LTDA	07.123.403/0002-58	concrearasg@hotmail.com	3436716484	São Gotardo	Guarda dos Ferreiros
Concreara Concretos e Argamassas LTDA GF	07.123.403/0002-58	concrearasg@hotmail.com	3400000000	São Gotardo	Guarda dos Ferreiros
Condominio Residencial Campestre	10.282.565/0001-62	mfcontabilidademg@hotmail.com	3436713490	São Gotardo	Campestre
Conserta Smart SG	23.112.104/0001-93	saogotardo@consertasmart.com	34999522704	São Gotardo	Nossa Senhora de Fátima
Construtora Sanesul Eireli	07.827.899/0001-60	compras.sanesul@gmail.com	3536211071	São Gotardo	Tancredo Neves
Consutoria Contabilidade.SG	10.559.717/0001-21	dirceu@llecontabilidade.com.br	3400000000	São Gotardo	Centro
Conta Certa Processametos LTDA	05.974.628/0001-01	ccertaprocessamentos@hotmail.com	3436712612	São Gotardo	Centro
Contacto Eletrica - ME	23.227.432/0001-35	contactoeletrica2018@gmail.com	3436711715	São Gotardo	Jardim das Flores
Cooperativa Agropecuaria do Alto Paranaiba	86.675.642/0001-06	teste@teste.com.br	34000000000	São Gotardo	Centro
Cooperativa de Agronegocios do Cerrado Brasileiro Ltda.	08.912.901/0001-61	xml@coopacer.com.br	3498134398	São Gotardo	Zona Rural
Cooperativa de Agronegócios do Cerrado Brasileiro LTDA	08.912.901/0002-42	xml@coopacer.com.br	3436715936	São Gotardo	Campestre
Cooperativa de Crédito da Microrregiao do Alto Paranaiba Ltda	03.645.752/0002-89	contabilidade@sicoobcredisg.com.br	3436161500	São Gotardo	Guarda dos Ferreiros
Cooperativa de Crédito da Microrregião do Alto Paranaiba SG	03.645.752/0001-06	contabilidade@sicoobcredisg.com.br	3436161500	São Gotardo	Centro
Correa e Camargos Supermercado	30.178.643/0001-90	supercorreacamargos1@hotmail.com	3436716498	São Gotardo	Guarda dos Ferreiros
Cozinha da Terra LTDA SG	17.837.469/0001-82	cozinhadaterra14@hotmail.com	3436712920	São Gotardo	Centro
Cristiane Daniela de Oliveira - ME	11.370.553/0001-52	espaco.cris@yahoo.com.br	3436717899	São Gotardo	Centro
Cristiane Helena Albertino ME	10.962.508/0001-24	crisalbertino@hotmail.com	34988634858	São Gotardo	Nossa Senhora de Fátima
Dalgiza de Fatima Pereira	12.314.515/0001-45	ferrovelhopatureba@hotmail.com	3436712992	São Gotardo	Santa Terezinha
Debora Taciana da Silva	02.234.943/0014-29	frutpres.2014@gmail.com	34999937988	São Gotardo	São Vicente de Paula
Despachante Oficial Ltda SG	27.291.330/0001-30	fabianodespachante@yahoo.com.br	34999039999	São Gotardo	Centro
Dezio Auto Peças	04.677.793/0001-39	lucas.braim@hotmail.com	3436716662	São Gotardo	Guarda dos Ferreiros
Difere Eficiência Energética LTDA	28.051.822/0001-10	contato@difereenergia.com.br	3436712995	São Gotardo	Sol Nascente
Dipam Distribuidora Patense de Automoveis LTDA	23.349.079/0003-28	cpd@dipam.com.br	3436716645	São Gotardo	Nossa Senhora de Fátima
Drogarabello Ltda - ME	05.727.071/0001-04	farmaxsg@hotmail.com	34999812417	São Gotardo	Guarda dos Ferreiros
Drogaria Araújo e Rabello Ltda - ME	10.624.688/0001-34	drogariamartins2012@hotmail.com	3436716466	São Gotardo	Guarda dos Ferreiros
Drogaria Costa e Silva Ltda	13.727.443/0001-20	denisi_luciana@hotmail.com	34991649474	São Gotardo	Guarda dos Ferreiros
Drogaria Costa e Silva Ltda GF	13.727.443/0001-20	denisi_ls@hotmail.com	3491649474	São Gotardo	Guarda dos Ferreiros
Drogaria Economica ME	27.906.008/0001-78	drogariaeconomicasg@gmail.com	34999869932	São Gotardo	Sol Nascente
Drogaria Fortes.SG	09.373.623/0001-84	drogaria.mm@hotmail.com	34000000000	São Gotardo	Boa Esperança
Drogaria Marques SG	05.727.071/0001-04	teste@teste.com.br	34000000000	São Gotardo	Tancredo Neves
Drogaria Miura SG	03.085.411/0001-15	drogariamiura@gmail.com	3436713015	São Gotardo	Campestre
Drogaria Rabelo e Santos Ltda	12.321.843/0001-79	entrefarmapapagaio@gmail.com	34991226806	São Gotardo	Alto Bela Vista
EB Eventos Ltda - ME	10.678.726/0001-31	rodeiobarbosa@hotmail.com	3436714204	São Gotardo	Agrovila
EB Eventos Ltda - ME	10.678.726/0001-31	financeiro@construeb.com.br	3436714204	São Gotardo	Nossa Senhora de Fátima
EG Construções	27.139.772/0001-65	egcontrucao@gmail.com	3436716749	São Gotardo	Guarda dos Ferreiros
Eduardo Henrique Barbosa	29.683.132/0001-47	supermercadoparanaiba3@hotmail.com	34999353078	São Gotardo	Nossa Senhora de Fátima
Elcio Eduardo Urbano Junior e Outros SG	15.211.723/0001-07	financeirobsc@hotmail.com	3436713291	São Gotardo	Centro
Eleiçao 2012 Comite Financeiro MG Unico TSL Sao Gotardo	16.533.776/0001-07	teste@teste.com.br	34000000000	São Gotardo	Centro
Eleiçoes 2016 Seiji Eduardo Sekita Prefeito SG	25.656.910/0001-58	fernandosekita@gmail.com	34991448438	São Gotardo	Tancredo Neves
Eleição 2016 Claudionor Anicesio dos Santos Prefeito SG	25.938.368/0001-26	andreanicesioadv@hotmail.com	34991650325	São Gotardo	Centro
Eletro Força Motores Ltda ME	15.344.457/0001-90	eletroforcamotores@gmail.com	34999899539	São Gotardo	Agrovila
Eletroligas Ltda.	17.785.304/0001-04	danilogoncalves@eletroligas.com.br	34991959771	São Gotardo	Zona Rural
Eletrotecnica Motores Ltda	09.597.081/0001-23	eletrotecnica.sg@hotmail.com	3436712861	São Gotardo	Santa Terezinha
Elio Ferreira da Silva  SG	17.757.255/0001-04	cecela_015@hotmail.com	3498091444	São Gotardo	Geraldo Marques
Ellus Informática	09.597.101/0001-66	teste@teste.com.br	34000000000	São Gotardo	Serra Negra
Empreendimentos Pio XII	24.683.708/0001-52	escritoriopio12@yahoo.com.br	3436711122	São Gotardo	Centro
Emprefaz Pavimentação Cons. E Saneamento.SG	05.008.064/0001-52	emprefazconstrutora@ibest.com.br	3491911165	São Gotardo	Nossa Senhora de Fátima
Eneias Ribeiro GF	17.844.528/0001-40	teste@teste.com.br	3499285886	São Gotardo	Distrito Industrial
Ermaq Ind. e Com. de Maquinas Agrícolas Ltda	09.335.238/0001-42	ermaq_financeiro@hotmail.com	3436716386	São Gotardo	Zona Rural
Espaço Rural Ltda	16.842.699/0001-77	espaco.rural@hotmail.com	34988294138	São Gotardo	Sol Nascente
F & X Comercio de Veiculos Ltda SG	13.921.402/0001-70	multicarveiculossg@hotmail.com	3436713401	São Gotardo	Jardim Ana Paula
Ferreira e Dias Ltda	19.348.762/0001-01	ferreiraediasltda@gmail.com	34991251910	São Gotardo	Nossa Senhora de Fátima
Fertilab Laboratorio de Analises Quimicas e Fertilidade de Solo Ltda	11.973.979/0001-09	financeiro@fertilab.com.br	34988076517	São Gotardo	Guarda dos Ferreiros
Fertilab Laboratorio de Analises Quimicas e Fertilidade do Solo Ltda  GF	11.973.979/0001-09	financeiro@fertilab.com.br	3488076517	São Gotardo	Zona Rural
Flexpipe Hidraulica e Pneumatica	22.730.871/0001-01	otlevira@yahoo.com.br	34991580821	São Gotardo	Guarda dos Ferreiros
Flexpipe Hidraulica e Pneumatica GF	22.730.871/0001-01	a.martins@flexipipe.com.br	3491580821	São Gotardo	Zona Rural
Fomenge Engenharia Ltda	86.384.963/0001-51	compras@fomenge.com.br	3438149990	São Gotardo	São Vicente
Fort Maquinas	31.202.325/0001-80	impactomaquinas_wc@hotmail.com	34999559927	São Gotardo	Agrovila
Franca e Borges Laboratorio de Analises Clinicas SG	11.118.070/0002-46	labsaolucassg@hotmail.com	34991130434	São Gotardo	São Vicente
Freemarket Administradora e Corretora de Seguros LTDA	05.872.081/0001-33	jonathan@freemarketseguros.com.br	3436710349	São Gotardo	Campestre
Frisago - Frigorifico São Gotardo	08.484.096/0001-12	frisagomgsg@outlook.com	3436717669	São Gotardo	Sol Nascente
Funchal Armazens Gerais Ltda SG	66.398.298/0004-90	armazens@grupofunchal.com.br	3132917055	São Gotardo	Guarda dos Ferreiros
Funchal Armazens Gerais Ltda SG	66.398.298/0004-90	armazens@grupofunchal.com.br	3132917055	São Gotardo	Zona Rural
Fundação educativa e Cultural de São Gotardo	03.749.433/0001-32	Sem EMAIL	34999035733	São Gotardo	Centro
Funeraria Matucuma Ltda SG	01.452.171/0003-86	elida@minasprev.com	34991894371	São Gotardo	São Vicente
Futurista Ensino Tecnico Profissionalizante SG	18.290.427/0001-37	futuristasg@yahoo.com.br	34999204156	São Gotardo	Centro
Gabriele Ferreira Ricaaccacio 40058879889	31.758.845/0001-74	gabrieleturismo@gmail.com	34999050101	São Gotardo	Nossa Senhora de Fátima
Getulio Cesar Pires ME Agro GP Representaçoes	20.009.059/0001-58	agrogp.sg@gmail.com	3499581431	São Gotardo	Campestre
Gislaine Catia Ribeiro	28.784.997/0001-37	gislainecatia.ribeiro@hotmail.com	3436716150	São Gotardo	Guarda dos Ferreiros
Global Telefonia Ltda - MR SG	10.319.064/0002-94	financeiro@revendasglobal.com.br	34999170300	São Gotardo	Centro
Godiva Gotardo Distribuidora de Veiculos Ltda	20.019.626/0001-57	tesouraria1@godivavw.com.br	3491138529	São Gotardo	Santa Terezinha
Goiauto Centro Automotivo Eireli	14.456.614/0002-78	goiautoautopecasfilial@hotmail.com	3436716672	São Gotardo	Guarda dos Ferreiros
Gold Telecom Ltda	10.822.045/0001-03	sgtelefonia2@gmail.com	3400000000	São Gotardo	São Vicente de Paula
Gold Telecom Ltda RP	10.822.045/0001-03	sgtelefonia2@gmail.com	3436712878	São Gotardo	São Vicente de Paula
Goldnet Permutas & Doações SG	09.193.011/0001-00	silviasouzamarques@hotmail.com	3488496383	São Gotardo	São Vicente
Goldnet Permutas / RP	09.193.011/0001-00	teste@teste.com.br	3436712878	São Gotardo	São Vicente de Paula
Gotardo Adm. Corretora de Seguros Ltda.	65.381.915/0001-30	gotardoseguros@gmail.com	3499890807	São Gotardo	Centro
Gotardo Argamassas Ltda - Argamassa Nova Cola SG	17.060.684/0001-10	odracir.pinto@hotmail.com	3499890106	São Gotardo	Agrovila
Grafica Triangulo Ltda SG	18.171.157/0001-45	graficatriangulo2324@hotmail.com	3436712324	São Gotardo	Centro
Grupo 2S Educacional LTDA - ME	29.257.637/0001-40	polosaogotardo@uninter.com	34998183632	São Gotardo	Centro
HD Veiculos SG	25.272.536/0001-97	hiagodias_sg@hotmail.com	3436714211	São Gotardo	São Vicente
Helio Lopes Alves ME	05.393.697/0001-21	heliodoonibus@hotmail.com	34999891081	São Gotardo	São Vicente
Hikaru Agro Servicos Agricolas Eireli	33.398.731/0001-96	Sem EMAIL	3436713163	São Gotardo	Zona Rural
Hotel Primavera Ltda	25.276.411/0001-35	teste@teste.com.br	3400000000	São Gotardo	Centro
Iara Ribeiro de Morais Silva ME	22.260.558/0001-49	papelariamec1986@hotmail.com	3436712363	São Gotardo	Centro
Igreja Evangelica Assembleia de Deus MT	20.055.240/0001-09	antonelly_silvas@hotmail.com	34088600961	São Gotardo	Centro
Igreja Evangélica Assembléia de Deus Missão	19.413.798/0012-84	paulogeovani1@live.com	34999400776	São Gotardo	Guarda dos Ferreiros
Igreja de Cristo Pentecostal Internacional	23.478.346/0001-03	osvaldodanielcontabil@yahoo.com.br	3436717842	São Gotardo	Guarda dos Ferreiros
Igreja de Cristo Pentecostal no Brasil SG	07.137.340/0001-08	osvaldodanielcontabil@yahoo.com.br	3436713312	São Gotardo	São Geraldo
Imaginarium Serviços Ltda ME	12.113.943/0001-00	jorgeitojp@yahoo.com.br	34999891280	São Gotardo	Centro
Impleagro	27.613.000/0001-13	impleagro@hotmail.com	34999062634	São Gotardo	Guarda dos Ferreiros
Instituto Pater de Educação e Cultura SG	21.289.889/0001-49	debora.rafaela@institutopater.edu.br	34999255800	São Gotardo	São Vicente
Instituto de Medicina e Diagnosticos Mauricio Rios Ltda SG	08.214.479/0016-57	financeiro@labcarloschagas.com.br	3436713054	São Gotardo	Centro
Inter São Gotardo SG	05.005.243/0001-36	saracristnaa4@hotmail.com	34991720055	São Gotardo	Centro
Irrigaminas LTDA - ME	10.515.230/0001-47	irrigaminasltda@hotmail.com	3436716506	São Gotardo	Guarda dos Ferreiros
Ivone Aparecida da Silva ME	11.471.822/0001-77	elimarpessoa75@hotmail.com	34999053480	São Gotardo	Geraldo Marques
JJG Contabilidade e Assessoria LTDA- ME	13.526.765/0001-01	denisa@jjg.com.br	3436712449	São Gotardo	Alto Bela Vista
JMC Eletric Ltda - ME	07.969.245/0001-70	jmcsuporte01@gmail.com	34991301800	São Gotardo	Centro
Jaqueline Florentino dos Santos	23.248.303/0001-23	jaquelineflorentinosg@gmail.com	34998410744	São Gotardo	Tancredo Neves
Jato Minas Ltda	41.672.817/0001-93	financeiro.jatominas@hotmail.com	34036716146	São Gotardo	Zona Rural
Jato Minas Ltda	41.672.817/0001-93	financeiro.jatominas@hotmail.com	3436716146	São Gotardo	Zona Rural
Joao Roberto Lopes	21.598.955/0001-62	escritoriodespachantesg@bol.com.br	34998221228	São Gotardo	Centro
Jose Geraldo Siqueira Coutinho ME	04.181.613/0001-23	boticario255@gmail.com	3436715880	São Gotardo	Centro
José Eustaquio Rodrigues de Araujo Eireli - ME	21.186.128/0001-61	financeiro.sg@sandiegohoteis.com.br	3436711865	São Gotardo	Centro
Juliana Rosa da Costa Silva GF	21.957.788/0001-07	teste@teste.com	34992119498	São Gotardo	Boa Esperança
Juliauto Diesel LTDA	02.313.621/0001-50	juliautodiesel@hotmail.com	3436711016	São Gotardo	Jardim das Flores
Julio Alberto Machado de Freitas	15.026.097/0001-89	jlmaquinaseassistencia@hotmail.com	3488857306	São Gotardo	Centro
Julio Cesar Mees GF	16.603.560/0001-70	adriana_bruna@hotmail.com	34987190303	São Gotardo	Agrovila
Julio Cesar Mees GF	16.603.560/0001-70	adriana_bruna@hotmail.com	34987190303	São Gotardo	Guarda dos Ferreiros
Junior Sander dos Santos 04370255600 ME ( SERASA)	12.646.533/0001-24	teste@teste.com	34998255711	São Gotardo	Mansões do Lago
Kamel Magazine SG	16.911.943/0004-59	kamel.saogotardo@lojaskamel.com.br	3436711800	São Gotardo	Centro
Kamillo's Calçados e Esportes	23.387.467/0001-31	kamilloscalcados@yahoo.com.br	3436712192	São Gotardo	Nossa Senhora de Fátima
Kansay Tintas Ltda	05.835.037/0001-53	casatintasg@hotmail.com	34988814687	São Gotardo	Jardim Ana Paula
LLE Consultoria e Contabilidade Ltda SG	15.287.684/0001-21	dirceu@llecontabilidade.com.br	3491361010	São Gotardo	Centro
Laboratorio Pio XII de Analises Clinicas	19.923.051/0001-13	saogotardolaboratorio@gmail.com	3436711820	São Gotardo	Centro
Laboratorio Vitacenter LTDA EPP	01.356.860/0001-25	Labvitacentersg@gmail.com	34999073597	São Gotardo	Centro
Laercio Bomtempo Hoteis LTDA	09.463.062/0001-04	danyellamenezes@hotmail.com	3436712387	São Gotardo	Nossa Senhora de Fátima
Laticínios Porto Alegre Indústria e Comércio Ltda.	66.301.334/0006-18	regina.marta@laticiniosportoalegre.com.br	3436712325	São Gotardo	Centro
Leandro Pires de Avila 09220120674	20.423.538/0001-16	avilaleandro479@gmail.com	34998397878	São Gotardo	Centro
Leopoldino e Silva Agronegócios LTDA-ME	22.475.742/0001-06	rafaela@procampogea.com.br	3436717442	São Gotardo	Santa Terezinha
Leticia de Fatima Braga Asai-ME	25.156.081/0001-44	francisyoshihiro@hotmail.com	34988380212	São Gotardo	Zona Rural
Lider Motopeças e Oficina Ltda	13.189.247/0001-40	motepecaslider@hotmail.com	3436712865	São Gotardo	São Vicente
Lopes e Franco Eletrodomésticos Ltda.	30.269.465/0001-03	eletroricco@hotmail.com	3436717230	São Gotardo	Nossa Senhora de Fátima
Loteria São Gotardo	17.837.550/0001-62	lydston_00@hotmail.com	3436711658	São Gotardo	Centro
Lucas Henrique Silva Alves	29.827.293/0001-67	Sem EMAIL	3499898955	São Gotardo	Centro
Lucas Pires de Avila 10104553626	22.302.158/0001-59	autosocorrolucas24horas@hotmail.com	34998397878	São Gotardo	Nossa Senhora de Fátima
Lucimar Eliane de Carvalho	27.549.352/0001-57	andressa-stefania@hotmail.com	3436712321	São Gotardo	Centro
Luiz Carlos de Freitas	13.352.404/0001-96	cruzeironathan@hotmail.com	3436715090	São Gotardo	Nossa Senhora de Fátima
MDPM Paroquia Santa Cruz	17.832.866/0046-63	paroquiasantacruz.2013@live.com	34999132627	São Gotardo	Guarda dos Ferreiros
MR Consultoria e Gestão SG (SPC/SERASA)	16.810.245/0001-14	mrconsultoriaegestao@gmail.com	34999292130	São Gotardo	Alvorada
MSX Construtora e Incorporadora	12.587.961/0001-23	compras@msx-ci.com.br	3175248000	São Gotardo	Liberdade
Maciel e Maciel Transportes Rodoviarios  LTDA	12.210.553/0001-58	maciel.macieltransportes@gmail.com	47997037378	São Gotardo	Guarda dos Ferreiros
Madeireira Lopes	22.208.292/0001-95	madeireiralopes2009@yahoo.com.br	34999289444	São Gotardo	Nossa Senhora de Fátima
Madeireira Nativa GF	03.215.360/0001-07	madeireiranativa01@hotmail.com	34999784706	São Gotardo	Guarda dos Ferreiros
Madeireira Nativa LTDA	03.215.360/0005-22	madeireiranativa01@hotmail.com	34999784706	São Gotardo	Guarda dos Ferreiros
Madeireira São Gotardo Ltda.	01.409.665/0001-16	madeireirasaogotardo@gmail.com	3436712340	São Gotardo	Campestre
Magazine Souza LTDA	23.385.495/0001-10	magazinesouzasg@hotmail.com	3436711750	São Gotardo	Centro
Maqnelson Participaçoes Eireli	16.823.130/0001-64	vilsonsantos@conel.com.br	3432368600	São Gotardo	Jardim das Flores
Marcelo Marques De Oliveira 07675972651	27.965.718/0001-79	mmoordenhas@gmail.com	34999079790	São Gotardo	Nossa Senhora de Fátima
Marcio Aurelio Ferreira Pessoa	27.868.184/0001-62	pessoa_iturama@hotmail.com	34999884398	São Gotardo	Centro
Marcus Vinicius Batista Barbosa	16.807.545/0001-44	arteshowsg@hotmail.com	34999682368	São Gotardo	Centro
Maria Eduarda Garcia de Lima Rodrigues	27.557.217/0001-53	teste@teste.com.br	34998247413	São Gotardo	Centro
Maria Eduarda Garcia de Lima Rodrigues	27.557.217/0001-53	teste@teste.com.br	3436716407	São Gotardo	Guarda dos Ferreiros
Maria Luisa Correa Silva ME	32.336.484/0001-30	malu.silvasg@gmail.com	34998064808	São Gotardo	Centro
Marshmallow Store	01.391.247/0001-49	administrativo@mswstore.com.br	3436717550	São Gotardo	Centro
Maruki e Pereira Ltda	05.727.861/0001-90	saude.oralsg@hotmail.com	3436713495	São Gotardo	Centro
Matheus Justino de Melo 11309041644	28.628.441/0001-51	automaqsg@hotmail.com	34998370968	São Gotardo	Zona Rural
Mauricio Soares	11.621.103/0001-95	alinesoares.soares@yahoo.com	3436711346	São Gotardo	Agro Industrial Chapadao
Megacopy LTDA ME SG	17.592.091/0001-02	teste@teste.com.br	3492892370	São Gotardo	Nossa Senhora de Fátima
MercadoLivre.com Atividades de Internet ltda.	03.361.252/0001-34	Sem EMAIL	00000000000	São Gotardo	Alto Bela Vista
Mercearia Gramari LTDA	12.454.191/0001-40	merceariagramari@hotmail.com	3436713515	São Gotardo	Alto Bela Vista
Mercearia São Vicente	00.679.751/0001-86	teste@teste.com.br	34000000000	São Gotardo	São Vicente
Mesquita e Borges LTDA	05.459.230/0001-37	oticascarolsaogotardo@gmail.com	3436713812	São Gotardo	Centro
Michelli Eletromoveis LTDA	04.658.824/0001-04	michellieletro@yahoo.com.br	34999192350	São Gotardo	Nossa Senhora de Fátima
Minas Diesel GF	28.150.504/0001-07	minasdieselsg@gmail.com	34988405921	São Gotardo	Guarda dos Ferreiros
Minas Total Hortifruti Ltda	20.949.387/0001-34	alhoimperador01@gmail.com	34999219030	São Gotardo	Zona Rural
Mine Mercado Ideal Cestas e Cia	25.010.532/0001-30	nathy_rtrenata@hotmail.com	34999504766	São Gotardo	Guarda dos Ferreiros
Mitra Diocesana de Patos de Minas - Paroquia N. Srª Aparecida SG	17.832.866/0042-30	paroquia-nsaparecida@hotmail.com	3436712359	São Gotardo	Nossa Senhora de Fátima
Molas Barbosa ME	04.267.725/0001-00	leomarcosbarbosa@gmail.com	34991946170	São Gotardo	Guarda dos Ferreiros
Molas Barbosa e Rodrigues Ltda.	28.940.763/0001-31	marcia29rodrigues@hotmail.com	3436716103	São Gotardo	Zona Rural
Mon Cherry Comércio Varejista de Artigos do Vestuário LTDA	33.078.838/0001-57	moncherrysg@outlook.com	34999234903	São Gotardo	Centro
Moria Palace Hotel LTDA	20.912.720/0001-30	elen.ribeiro@bol.com.br	3436716139	São Gotardo	Guarda dos Ferreiros
Multi Soluções LTDA	26.647.690/0001-69	keniawhite@hotmail.com	34999029064	São Gotardo	Guarda dos Ferreiros
Multi Soluções LTDA - GF	26.647.690/0001-69	multisolucoesltda_@hotmail.com	3436716795	São Gotardo	Guarda dos Ferreiros
Multimarcas Veiculos Ltda.SG	10.832.647/0001-33	multimarcasveiculosnet@hotmail.com	34000000000	São Gotardo	Centro
NS Metais	28.516.040/0001-00	nsmetaisjp@gmail.com	3436717977	São Gotardo	Guarda dos Ferreiros
Nativa Agronegocios e Representaçaoes LTDA	03.856.216/0007-37	daniele.fernanda@nativagro.com.br	3438267400	São Gotardo	Santa Terezinha
Neir José Alves ME SG	04.258.832/0001-63	teste@teste.com	3484129344	São Gotardo	Geraldo Marques
Neliane Maria Gontijo 06375097657	21.551.192/0001-02	nellyscloset@outlook.com	34988092222	São Gotardo	Centro
OMDS Tecnologia e Educaçao Ltda. SG	07.392.268/0001-65	escritorio.ozuardo@hotmail.com	3436711500	São Gotardo	Centro
Oliveira e Barbosa Supermercado  Ltda SG	27.670.255/0001-18	supermercadoliberdadesg@hotmail.com	3436152949	São Gotardo	Liberdade
Otica Sao Gotardo Ltda.SG	04.304.482/0002-05	oticasaosebastiao@yahoo.com.br	3491512016	São Gotardo	Centro
Outono´s Enxovais	18.968.151/0001-01	apetrechoenxovias@yahoo.com.br	34988418710	São Gotardo	Centro
Padap Agronegocios Ltda	06.311.673/0001-49	financeiro@padapagronegocios.com.br	3436714130	São Gotardo	Jardim das Flores
Padap Concreto	09.325.938/0001-56	padapconcretos@gmail.com	34999031065	São Gotardo	Agrovila
Papelaria Abc GF	10.877.714/0001-36	pedro@papelariaabc.net.br	3436716720	São Gotardo	Guarda dos Ferreiros
Paulo Roberto Marques & Cia Ltda	05.111.345/0001-36	motortec.sg@gmail.com	3436716472	São Gotardo	Guarda dos Ferreira
Pavão Transportes LTDA-ME	26.917.687/0001-18	pavaotransportes@hotmail.com	3436713381	São Gotardo	Zona Rural
Pedro Pivot Mais GF	27.491.540/0001-71	pedrinho.pivot@hotmail.com	34988712693	São Gotardo	Guarda dos Ferreiros
Pedro Sadd Barber Club	30.398.319/0001-88	pedrosaddbarberclub@hotmail.com	34998141865	São Gotardo	Centro
Pematra LTDA	00.662.176/0001-09	financeiro.pematra@gmail.com	3436711510	São Gotardo	Santa Terezinha
Pereira Alimentos Ind.e Com.ltda SG	03.237.019/0001-44	pereira.alimentos@hotmail.com	3488560200	São Gotardo	Centro
Perfect Car Centro de Estetica Automotiva LDTA	31.739.668/0001-89	denisa@jjg.com.br	34999056275	São Gotardo	Jardim Ana Paula
Pivocer Manutenção de Irrigação LTDA	17.035.369/0001-32	pivocer@yahoo.com.br	34999057516	São Gotardo	Guarda dos Ferreiros
Pivocer Manutenção de Irrigação Ltda GF	17.035.369/0001-32	pivocer@yahoo.com.br	3499057516	São Gotardo	Guarda dos Ferreiros
Pivotec SG Comèrcio Eireli -ME	21.576.936/0001-35	financeiro@pivotecirrigacao.com.br	3436716164	São Gotardo	Zona Rural
Pivotec SG Comércio Eireli - ME	21.576.936/0001-35	financeiro@pivotecirrigacao.com.br	3436716164	São Gotardo	Zona Rural
Positivo Imoveis Ltda ME (CLIENTE CANCELOU)	21.112.886/0001-35	positivoimoveis@hotmail.com	3436718200	São Gotardo	Centro
Posto Sousa e Sliva Ltda	03.012.206/0001-20	postosousaesilva@gmail.com	34999130565	São Gotardo	Nossa Senhora de Fátima
Postos Alpa Ltda	02.234.943/0002-95	caio@postosalpa.com.br	3436711293	São Gotardo	São Geraldo
Prado e Rocha representaçoes LTDA SG	12.432.854/0001-26	teste@teste.com.br	3491083108	São Gotardo	Sol Nascente
Prefeitura Municipal de Rio Paranaíba GF	18.602.045/0001-00	controleinternorp@outlook.com	3438551223	São Gotardo	Guarda dos Ferreira
Prefeitura Municipal de Sao Gotardo MG	18.602.037/0001-55	teste@teste.com.br	3436717156	São Gotardo	Centro
Premoldados Mapro Ltda SG	10.751.837/0001-26	patriciafreitasg@yahoo.com.br	3436712910	São Gotardo	Setor Industrial
Primeira Igreja Batista em São Gotardo	20.058.343/0001-14	suene_teodoro@hotmail.com	34998184844	São Gotardo	Centro
Priscianny Araujo Santos Trevizani ME	27.788.941/0001-98	cristiani.arq2015@gmail.com	34999551902	São Gotardo	Centro
Procampo	28.173.790/0001-26	marceloprocampo@outlook.com	34999095661	São Gotardo	Agrovila
Projeta Serviços Agricolas LTDA	24.144.444/0001-69	projetaagr@gmail.com	34998131660	São Gotardo	Jardim Ana Paula
R3 AGRONEGOCIOS EIRELI	20.354.986/0001-05	juliana@r3agronegocios.com.br	34988554266	São Gotardo	Santa Terezinha
RM EPI Ltda	20.523.634/0001-36	contatormepi@gmail.com	34999894659	São Gotardo	Guarda dos Ferreiros
RM EPI Ltda SG / GF	20.523.634/0001-36	contatormepi@gmail.com	3436716196	São Gotardo	Agrovila
Rapi Pizza Rapidas Ltda	21.040.996/0001-39	ledugo@yahoo.com.b	3436714840	São Gotardo	Centro
Rações Goleite Industria e Comércio Ltda	07.437.697/0001-01	racoesgoleite@gmail.com	3436711318	São Gotardo	São Geraldo
Rações RGL Industria e Comercio Ltda SG	10.278.368/0001-70	leticia.mota@geraleite.com.br	3436713314	São Gotardo	Micro Distrito Industrial, Wilson Pedroso
Rações São Gotardo Industria e Comercio Ltda sg	05.606.567/0001-20	mfranco@racoessaogotardo.com.br	3491136458	São Gotardo	Micro Distrito Industrial, Wilson Pedroso
Realdrogas LTDA	21.136.551/0001-57	realdrogasltda@yahoo.com.br	3436712040	São Gotardo	Centro
Realtecnology Sistemas de Informática Ltda - ME	04.248.801/0001-21	psilva@realtec.com.br	3436712394	São Gotardo	Nossa Senhora de Fátima
Regional Parafusos LTDA ME	42.914.275/0002-61	administrativosg@regionalparafusos.com.br	3436716585	São Gotardo	Guarda dos Ferreiros
Regional Parafusos Ltda ME GF	42.914.275/0002-61	regionalfilial@hotmail.com	3400000000	São Gotardo	Zona Rural
Regional Partido Da Repulblica.SG	12.278.084/0001-09	fiscal.partidodarepublica@bol.com.br	3488206205	São Gotardo	Centro
Restaurante Cozinha da Terra Ltda.	17.837.469/0002-63	cozinhadaterra12@hotmail.com	3499544016	São Gotardo	Zona Rural
Revitaliza Assessoria Ltda. SG	22.948.273/0001-03	revitaliza.ambiental@uol.com.br	34991977737	São Gotardo	Terreo
Risomar Souza Soares & Cia LTDA - EPP	09.139.938/0001-61	supermercadosoaressg@hotmail.com	34999300374	São Gotardo	Boa Esperança
Rodohorti Transportes LTDA	28.368.053/0001-89	rodohortitransportes@hotmail.com	34999540332	São Gotardo	Guarda dos Ferreiros
Ronaldo Rosa de Melo - ME SG	27.933.689/0001-63	ronaldo@coopadap.com.br	34999890165	São Gotardo	Centro
Roselene Santos Herleo 10256612650	32.241.760/0001-87	rosy2015sh@gmail.com	34999172492	São Gotardo	Guarda dos Ferreiros
Rpx Tech Monitoramento Ltda	32.968.529/0001-90	ricardo@clickcomp.com.br	37991636263	São Gotardo	Zona Rural
SA Boutique Ltda - ME	02.675.482/0001-05	dadakelle@yahoo.com.br	34999891587	São Gotardo	Centro
SOS Auto Peças e Serviços	11.232.728/0001-65	sos.autopecas@yahoo.com.br	34988711492	São Gotardo	Jardim Ana Paula
SOS Peças e Serviços Agricola LTDA	12.460.569/0001-19	sosfaturamento02@hotmail.com	34999899094	São Gotardo	Zona Rural
SOS Peças e Serviços Agricolas LTDA	12.460.569/0001-19	daiane.sos@hotmail.com	34999899094	São Gotardo	Zona Rural
Sagagel Industria e Comer Impor e Expor LTDA	03.478.652/0001-24	adm.sagagel@gmail.com	3436716748	São Gotardo	Agrovila
Salles Quirino Engenharia Ltda	31.339.742/0001-70	fortplan2@gmail.com	34999101919	São Gotardo	Nossa Senhora de Fátima
Santa Barbara Construções S/A	39.809.199/0001-39	renato.sousa@santabarbarasa.com.br	31993111699	São Gotardo	Vila Luciana
Sebastiao Igor Lima e Cia LTDA	13.945.132/0001-38	financeiro.novatec@yahoo.com.br	3436714818	São Gotardo	Guarda dos Ferreiros
Selv Serviços Especializados e Linha Viva SG	02.724.613/0001-05	nfe@selv.com.br	3132695000	São Gotardo	Jardim das Flores
Senhorita's	33.662.059/0001-02	senhoritas.sg@gmail.com	34999267035	São Gotardo	Nossa Senhora de Fátima
Sentinella Comercio e Serviços em Tecnologias LTDA	33.878.639/0001-23	financeiro@sentinella.com.br	34998053701	São Gotardo	São Vicente
Sg Telefonia	10.822.045/0001-03	teste@teste.com.br	34000000000	São Gotardo	São Vicente
Shater Consultoria e Representaçoes	31.692.912/0001-03	thiago@celcia.com.br	34999119810	São Gotardo	Serra Negra
Silva e Silva Estruturas Ltda - ME	26.283.083/0001-67	silvaesilva45@outlook.com	34999520758	São Gotardo	Guarda dos Ferreiros
Sindicato dos Trabalhadores Rurais de São Gotardo	04.304.295/0001-40	sindicatodostrabalhadoressg@hotmail.com	34999586551	São Gotardo	Centro
Sinhaninhas Boutique Ltda SG	24.687.238/0001-03	sinhaninhas@yahoo.com.br	3436711349	São Gotardo	Centro
Sociedade Clube Fazenda	01.459.992/0001-82	clube.eldorado@outlook.com	34999047239	São Gotardo	Guarda dos Ferreiros
Sociedade Comercial Santana Ltda ME (OS SOMENTE SE SOLICITADO POR ROBSON OLIVEIRA )	05.347.811/0013-10	walquiria@uaimagazine.com	37988353139	São Gotardo	Centro
Sousa e Oliveira Lanchonete e Sorveteria LTDA	30.698.958/0001-69	wanderjr.88@hotmail.com	34996658435	São Gotardo	Centro
Sousa e Sousa Serviços LTDA SG	10.832.667/0001-04	graficatriangulo@bol.com.br	3436713023	São Gotardo	Centro
Souza e Franklin Eldorado LTDA	18.672.680/0001-55	guardadosferreiros@hotmail.com	34999191686	São Gotardo	Guarda dos Ferreiros
Super Box.SG	13.197.334/0001-49	superbox_saogotardo@hotmail.com	3492217004	São Gotardo	Tancredo Neves
Supermecado Requinte	10.966.831/0001-76	teste@teste.com.br	34000000000	São Gotardo	Centro
Supermercado Camargos	18.445.450/0001-53	supermercadoalvescamargos@hotmail.com	34999119637	São Gotardo	Guarda dos Ferreiros
Supermercado Camargos GF	18.445.450/0001-53	teste@teste.com.br	34999119637	São Gotardo	Guarda dos Ferreiros
Supermercado Dalila Ltda	42.805.804/0001-08	mvs.araujo@gmail.com	34991067549	São Gotardo	Nossa Senhora de Fátima
Supermercado Girassol	24.795.609/0001-62	carlitonascimento328@gmail.com	34999521835	São Gotardo	Guarda dos Ferreiros
Supermercado Gominas Ltda SG	10.871.760/0001-28	supergominas@gmail.com	3436712627	São Gotardo	Sol Nascente
Supermercado Popular GF	10.645.203/0001-99	jeniferpiscila123@hotmail.com	34999093087	São Gotardo	Guarda dos Ferreiros
Supermercado Popular GF	10.645.203/0001-99	supermercadomjltda@gmail.com	34999093087	São Gotardo	Guarda dos Ferreiros
Supermercado São Vicente Ltda	00.679.751/0001-86	supersaovicente@yahoo.com.br	34988033938	São Gotardo	São Vicente
TDG Construtora SG	18.510.302/0001-75	teste@teste.com.br	3492559225	São Gotardo	São Vicente
TR Tecnologia Ltda	25.376.177/0001-18	financeiro@treicon.com	3436711019	São Gotardo	Nossa Senhora de Fátima
Tectrans Transmissão de Energia LTDA.	09.461.052/0001-30	igorchinelo@hotmail.com	3492006788	São Gotardo	Sol Nascente
Teto e Teto Construtora e Incorporadora Eirele	15.623.159/0001-30	tetoetetoconstrutorasg@gmail.com	34999031065	São Gotardo	São Vicente
Thiago Costa Soares CPF 09321346619	22.226.416/0001-65	Sem EMAIL	34999690742	São Gotardo	São Vicente
Tiago Antonio Vargas .SG                                 (Vidral Box)	08.471.010/0001-17	teste@teste.com.br	34000000000	São Gotardo	São Geraldo
Tintas Casa Nova Industria e Comercio LTDA - SG (SERASA)	15.567.408/0001-17	tcnindustria@yahoo.com.br	34998424491	São Gotardo	Geraldo Marques
Topcred Serviços Financeiros LTDA	29.341.996/0001-80	llesaogotardo@llecontabilidade.com.br	3436717363	São Gotardo	Centro
Torneamento Goiano Ltda SG	02.753.023/0001-00	torneamentogoiano@hotmail.com	34999887445	São Gotardo	Zona Rural
Torneamento Nunes	11.715.532/0001-21	torneamentoreformasnunes@gmail.com	34999192352	São Gotardo	Guarda dos Ferreiros
Torneamento SG Peças e Serviços Ltda	12.160.457/0001-42	torneamentosg@hotmail.com	34999100563	São Gotardo	Guarda dos Ferreiros
Torneamento SG Peças e Serviços Ltda GF	12.160.457/0001-42	torneamentosg@hotmail.com	3436716101	São Gotardo	Zona Rural / Guarda dos Ferreiros
Toshiba Infraestrutura America do Sul LTDA	08.870.769/0005-04	teste@teste.com.br	34000000000	São Gotardo	Centro
Transportadora BR LTDA - ME	14.444.912/0001-67	transportadorabr@hotmail.com	3436713876	São Gotardo	São Vicente
Transportadora Levani Ltda	32.854.006/0001-12	transportadoralevani@outlook.com	34998267262	São Gotardo	São Vicente
Transportadora SG Ltda SG	02.494.510/0001-98	transportadorasg@hotmail.com	34999891489	São Gotardo	Santa Terezinha
Uliminas Hortigranjeiros Ltda - ME	14.849.845/0001-60	uliminas@hotmail.com	3491926988	São Gotardo	Guarda dos Ferreiros
Us Kara SG	24.897.436/0001-93	teste@teste.com.br	34998217053	São Gotardo	Nossa Senhora de Fátima
V & G Certificação Digital LTDA	21.612.003/0001-56	michele.silva@vegcertificado.com.br	34991139516	São Gotardo	Alto Bela Vista
VW Distribuidora de Alimentos LTDA - ME	24.990.853/0001-86	vwdistribuidora@yahoo.com.br	34998044506	São Gotardo	Santa Terezinha
Valoriza Agronegócios Ltda Sg	24.006.876/0003-75	izabel@valoriza.net	3400000000	São Gotardo	Zona Rural
Verde Fertilizantes	08.000.607/0002-64	em@verdeagritech.com	3436741691	São Gotardo	Zona Rural
Verde Transportes Eireli	05.664.897/0001-71	verdebr@hotmail.com	34992088064	São Gotardo	Jardim Ana Paula
Victor Daniel de Vasconcelos Bulkbrindes	28.716.530/0001-50	bulkbrindes@gmail.com	3436711418	São Gotardo	São Vicente
Vision Engenharia e Consultoria S.A.	05.537.083/0001-76	geraldo.batista@visionsistemas.com.br	3132156200	São Gotardo	Boa Vista
Vitor Angelo Rodrigues Costa	30.503.902/0001-01	barautobier@gmail.com	31971518286	São Gotardo	Centro
W M Vieira ME	24.301.730/0001-90	financeiro.doceshem@gmail.com	34998313633	São Gotardo	Abaeté dos Venâncios
Waldemario De Souza França Filho SG	18.108.530/0001-13	eletrofrancasg@hotmail.com	3488089633	São Gotardo	São Vicente
Gabriel Morais Simoes - ME	09.042.131/0001-06	teste@teste.com.br	34313858579	São José do Goiabal	Centro
Gabriel Morais Simoes-ME (Tropicalnet)	09.042.131/0001-06	manoel@tropicalnet.com.br	3491088498	São José do Goiabal	Centro
Alcance Engenharia e Construção Ltda RP	20.501.854/0001-69	murilonajar@construtoraalcance.com.br	33988082616	Teófilo Otoni	Grão Pará
Goldnet Serviços de Internet Ltda	09.193.011/0001-00	silviasouzamarques@hotmail.com	3436712878	Tiros	Centro
3G LOG transportes Ltda Sg	15.292.743/0001-50	financeiro@3glog.com.br	3432327181	Uberlândia	Marta Helena
Distribuidora de Eletronicos Route 66 Ltda	01.455.957/0007-80	Sem EMAIL	3421026666	Uberlândia	Daniel Fonseca
LT Triangulo	07.272.615/0002-05	administracao.celeo@celeoredes.com	3491388197	Uberlândia	Distrito Industrial
